Time,Time Code,Country Name,Country Code,Pump price for gasoline (US$ per liter) [EP.PMP.SGAS.CD]
1960,YR1960,Argentina,ARG,..
1960,YR1960,Australia,AUS,..
1960,YR1960,Austria,AUT,..
1960,YR1960,Belgium,BEL,..
1960,YR1960,Brazil,BRA,..
1960,YR1960,Canada,CAN,..
1960,YR1960,China,CHN,..
1960,YR1960,"Egypt, Arab Rep.",EGY,..
1960,YR1960,France,FRA,..
1960,YR1960,Germany,DEU,..
1960,YR1960,India,IND,..
1960,YR1960,Indonesia,IDN,..
1960,YR1960,"Iran, Islamic Rep.",IRN,..
1960,YR1960,Italy,ITA,..
1960,YR1960,Japan,JPN,..
1960,YR1960,"Korea, Rep.",KOR,..
1960,YR1960,Mexico,MEX,..
1960,YR1960,Netherlands,NLD,..
1960,YR1960,Nigeria,NGA,..
1960,YR1960,Norway,NOR,..
1960,YR1960,Poland,POL,..
1960,YR1960,Russian Federation,RUS,..
1960,YR1960,Saudi Arabia,SAU,..
1960,YR1960,Spain,ESP,..
1960,YR1960,Sweden,SWE,..
1960,YR1960,Switzerland,CHE,..
1960,YR1960,Thailand,THA,..
1960,YR1960,Turkey,TUR,..
1960,YR1960,United Kingdom,GBR,..
1960,YR1960,United States,USA,..
1961,YR1961,Argentina,ARG,..
1961,YR1961,Australia,AUS,..
1961,YR1961,Austria,AUT,..
1961,YR1961,Belgium,BEL,..
1961,YR1961,Brazil,BRA,..
1961,YR1961,Canada,CAN,..
1961,YR1961,China,CHN,..
1961,YR1961,"Egypt, Arab Rep.",EGY,..
1961,YR1961,France,FRA,..
1961,YR1961,Germany,DEU,..
1961,YR1961,India,IND,..
1961,YR1961,Indonesia,IDN,..
1961,YR1961,"Iran, Islamic Rep.",IRN,..
1961,YR1961,Italy,ITA,..
1961,YR1961,Japan,JPN,..
1961,YR1961,"Korea, Rep.",KOR,..
1961,YR1961,Mexico,MEX,..
1961,YR1961,Netherlands,NLD,..
1961,YR1961,Nigeria,NGA,..
1961,YR1961,Norway,NOR,..
1961,YR1961,Poland,POL,..
1961,YR1961,Russian Federation,RUS,..
1961,YR1961,Saudi Arabia,SAU,..
1961,YR1961,Spain,ESP,..
1961,YR1961,Sweden,SWE,..
1961,YR1961,Switzerland,CHE,..
1961,YR1961,Thailand,THA,..
1961,YR1961,Turkey,TUR,..
1961,YR1961,United Kingdom,GBR,..
1961,YR1961,United States,USA,..
1962,YR1962,Argentina,ARG,..
1962,YR1962,Australia,AUS,..
1962,YR1962,Austria,AUT,..
1962,YR1962,Belgium,BEL,..
1962,YR1962,Brazil,BRA,..
1962,YR1962,Canada,CAN,..
1962,YR1962,China,CHN,..
1962,YR1962,"Egypt, Arab Rep.",EGY,..
1962,YR1962,France,FRA,..
1962,YR1962,Germany,DEU,..
1962,YR1962,India,IND,..
1962,YR1962,Indonesia,IDN,..
1962,YR1962,"Iran, Islamic Rep.",IRN,..
1962,YR1962,Italy,ITA,..
1962,YR1962,Japan,JPN,..
1962,YR1962,"Korea, Rep.",KOR,..
1962,YR1962,Mexico,MEX,..
1962,YR1962,Netherlands,NLD,..
1962,YR1962,Nigeria,NGA,..
1962,YR1962,Norway,NOR,..
1962,YR1962,Poland,POL,..
1962,YR1962,Russian Federation,RUS,..
1962,YR1962,Saudi Arabia,SAU,..
1962,YR1962,Spain,ESP,..
1962,YR1962,Sweden,SWE,..
1962,YR1962,Switzerland,CHE,..
1962,YR1962,Thailand,THA,..
1962,YR1962,Turkey,TUR,..
1962,YR1962,United Kingdom,GBR,..
1962,YR1962,United States,USA,..
1963,YR1963,Argentina,ARG,..
1963,YR1963,Australia,AUS,..
1963,YR1963,Austria,AUT,..
1963,YR1963,Belgium,BEL,..
1963,YR1963,Brazil,BRA,..
1963,YR1963,Canada,CAN,..
1963,YR1963,China,CHN,..
1963,YR1963,"Egypt, Arab Rep.",EGY,..
1963,YR1963,France,FRA,..
1963,YR1963,Germany,DEU,..
1963,YR1963,India,IND,..
1963,YR1963,Indonesia,IDN,..
1963,YR1963,"Iran, Islamic Rep.",IRN,..
1963,YR1963,Italy,ITA,..
1963,YR1963,Japan,JPN,..
1963,YR1963,"Korea, Rep.",KOR,..
1963,YR1963,Mexico,MEX,..
1963,YR1963,Netherlands,NLD,..
1963,YR1963,Nigeria,NGA,..
1963,YR1963,Norway,NOR,..
1963,YR1963,Poland,POL,..
1963,YR1963,Russian Federation,RUS,..
1963,YR1963,Saudi Arabia,SAU,..
1963,YR1963,Spain,ESP,..
1963,YR1963,Sweden,SWE,..
1963,YR1963,Switzerland,CHE,..
1963,YR1963,Thailand,THA,..
1963,YR1963,Turkey,TUR,..
1963,YR1963,United Kingdom,GBR,..
1963,YR1963,United States,USA,..
1964,YR1964,Argentina,ARG,..
1964,YR1964,Australia,AUS,..
1964,YR1964,Austria,AUT,..
1964,YR1964,Belgium,BEL,..
1964,YR1964,Brazil,BRA,..
1964,YR1964,Canada,CAN,..
1964,YR1964,China,CHN,..
1964,YR1964,"Egypt, Arab Rep.",EGY,..
1964,YR1964,France,FRA,..
1964,YR1964,Germany,DEU,..
1964,YR1964,India,IND,..
1964,YR1964,Indonesia,IDN,..
1964,YR1964,"Iran, Islamic Rep.",IRN,..
1964,YR1964,Italy,ITA,..
1964,YR1964,Japan,JPN,..
1964,YR1964,"Korea, Rep.",KOR,..
1964,YR1964,Mexico,MEX,..
1964,YR1964,Netherlands,NLD,..
1964,YR1964,Nigeria,NGA,..
1964,YR1964,Norway,NOR,..
1964,YR1964,Poland,POL,..
1964,YR1964,Russian Federation,RUS,..
1964,YR1964,Saudi Arabia,SAU,..
1964,YR1964,Spain,ESP,..
1964,YR1964,Sweden,SWE,..
1964,YR1964,Switzerland,CHE,..
1964,YR1964,Thailand,THA,..
1964,YR1964,Turkey,TUR,..
1964,YR1964,United Kingdom,GBR,..
1964,YR1964,United States,USA,..
1965,YR1965,Argentina,ARG,..
1965,YR1965,Australia,AUS,..
1965,YR1965,Austria,AUT,..
1965,YR1965,Belgium,BEL,..
1965,YR1965,Brazil,BRA,..
1965,YR1965,Canada,CAN,..
1965,YR1965,China,CHN,..
1965,YR1965,"Egypt, Arab Rep.",EGY,..
1965,YR1965,France,FRA,..
1965,YR1965,Germany,DEU,..
1965,YR1965,India,IND,..
1965,YR1965,Indonesia,IDN,..
1965,YR1965,"Iran, Islamic Rep.",IRN,..
1965,YR1965,Italy,ITA,..
1965,YR1965,Japan,JPN,..
1965,YR1965,"Korea, Rep.",KOR,..
1965,YR1965,Mexico,MEX,..
1965,YR1965,Netherlands,NLD,..
1965,YR1965,Nigeria,NGA,..
1965,YR1965,Norway,NOR,..
1965,YR1965,Poland,POL,..
1965,YR1965,Russian Federation,RUS,..
1965,YR1965,Saudi Arabia,SAU,..
1965,YR1965,Spain,ESP,..
1965,YR1965,Sweden,SWE,..
1965,YR1965,Switzerland,CHE,..
1965,YR1965,Thailand,THA,..
1965,YR1965,Turkey,TUR,..
1965,YR1965,United Kingdom,GBR,..
1965,YR1965,United States,USA,..
1966,YR1966,Argentina,ARG,..
1966,YR1966,Australia,AUS,..
1966,YR1966,Austria,AUT,..
1966,YR1966,Belgium,BEL,..
1966,YR1966,Brazil,BRA,..
1966,YR1966,Canada,CAN,..
1966,YR1966,China,CHN,..
1966,YR1966,"Egypt, Arab Rep.",EGY,..
1966,YR1966,France,FRA,..
1966,YR1966,Germany,DEU,..
1966,YR1966,India,IND,..
1966,YR1966,Indonesia,IDN,..
1966,YR1966,"Iran, Islamic Rep.",IRN,..
1966,YR1966,Italy,ITA,..
1966,YR1966,Japan,JPN,..
1966,YR1966,"Korea, Rep.",KOR,..
1966,YR1966,Mexico,MEX,..
1966,YR1966,Netherlands,NLD,..
1966,YR1966,Nigeria,NGA,..
1966,YR1966,Norway,NOR,..
1966,YR1966,Poland,POL,..
1966,YR1966,Russian Federation,RUS,..
1966,YR1966,Saudi Arabia,SAU,..
1966,YR1966,Spain,ESP,..
1966,YR1966,Sweden,SWE,..
1966,YR1966,Switzerland,CHE,..
1966,YR1966,Thailand,THA,..
1966,YR1966,Turkey,TUR,..
1966,YR1966,United Kingdom,GBR,..
1966,YR1966,United States,USA,..
1967,YR1967,Argentina,ARG,..
1967,YR1967,Australia,AUS,..
1967,YR1967,Austria,AUT,..
1967,YR1967,Belgium,BEL,..
1967,YR1967,Brazil,BRA,..
1967,YR1967,Canada,CAN,..
1967,YR1967,China,CHN,..
1967,YR1967,"Egypt, Arab Rep.",EGY,..
1967,YR1967,France,FRA,..
1967,YR1967,Germany,DEU,..
1967,YR1967,India,IND,..
1967,YR1967,Indonesia,IDN,..
1967,YR1967,"Iran, Islamic Rep.",IRN,..
1967,YR1967,Italy,ITA,..
1967,YR1967,Japan,JPN,..
1967,YR1967,"Korea, Rep.",KOR,..
1967,YR1967,Mexico,MEX,..
1967,YR1967,Netherlands,NLD,..
1967,YR1967,Nigeria,NGA,..
1967,YR1967,Norway,NOR,..
1967,YR1967,Poland,POL,..
1967,YR1967,Russian Federation,RUS,..
1967,YR1967,Saudi Arabia,SAU,..
1967,YR1967,Spain,ESP,..
1967,YR1967,Sweden,SWE,..
1967,YR1967,Switzerland,CHE,..
1967,YR1967,Thailand,THA,..
1967,YR1967,Turkey,TUR,..
1967,YR1967,United Kingdom,GBR,..
1967,YR1967,United States,USA,..
1968,YR1968,Argentina,ARG,..
1968,YR1968,Australia,AUS,..
1968,YR1968,Austria,AUT,..
1968,YR1968,Belgium,BEL,..
1968,YR1968,Brazil,BRA,..
1968,YR1968,Canada,CAN,..
1968,YR1968,China,CHN,..
1968,YR1968,"Egypt, Arab Rep.",EGY,..
1968,YR1968,France,FRA,..
1968,YR1968,Germany,DEU,..
1968,YR1968,India,IND,..
1968,YR1968,Indonesia,IDN,..
1968,YR1968,"Iran, Islamic Rep.",IRN,..
1968,YR1968,Italy,ITA,..
1968,YR1968,Japan,JPN,..
1968,YR1968,"Korea, Rep.",KOR,..
1968,YR1968,Mexico,MEX,..
1968,YR1968,Netherlands,NLD,..
1968,YR1968,Nigeria,NGA,..
1968,YR1968,Norway,NOR,..
1968,YR1968,Poland,POL,..
1968,YR1968,Russian Federation,RUS,..
1968,YR1968,Saudi Arabia,SAU,..
1968,YR1968,Spain,ESP,..
1968,YR1968,Sweden,SWE,..
1968,YR1968,Switzerland,CHE,..
1968,YR1968,Thailand,THA,..
1968,YR1968,Turkey,TUR,..
1968,YR1968,United Kingdom,GBR,..
1968,YR1968,United States,USA,..
1969,YR1969,Argentina,ARG,..
1969,YR1969,Australia,AUS,..
1969,YR1969,Austria,AUT,..
1969,YR1969,Belgium,BEL,..
1969,YR1969,Brazil,BRA,..
1969,YR1969,Canada,CAN,..
1969,YR1969,China,CHN,..
1969,YR1969,"Egypt, Arab Rep.",EGY,..
1969,YR1969,France,FRA,..
1969,YR1969,Germany,DEU,..
1969,YR1969,India,IND,..
1969,YR1969,Indonesia,IDN,..
1969,YR1969,"Iran, Islamic Rep.",IRN,..
1969,YR1969,Italy,ITA,..
1969,YR1969,Japan,JPN,..
1969,YR1969,"Korea, Rep.",KOR,..
1969,YR1969,Mexico,MEX,..
1969,YR1969,Netherlands,NLD,..
1969,YR1969,Nigeria,NGA,..
1969,YR1969,Norway,NOR,..
1969,YR1969,Poland,POL,..
1969,YR1969,Russian Federation,RUS,..
1969,YR1969,Saudi Arabia,SAU,..
1969,YR1969,Spain,ESP,..
1969,YR1969,Sweden,SWE,..
1969,YR1969,Switzerland,CHE,..
1969,YR1969,Thailand,THA,..
1969,YR1969,Turkey,TUR,..
1969,YR1969,United Kingdom,GBR,..
1969,YR1969,United States,USA,..
1970,YR1970,Argentina,ARG,..
1970,YR1970,Australia,AUS,..
1970,YR1970,Austria,AUT,..
1970,YR1970,Belgium,BEL,..
1970,YR1970,Brazil,BRA,..
1970,YR1970,Canada,CAN,..
1970,YR1970,China,CHN,..
1970,YR1970,"Egypt, Arab Rep.",EGY,..
1970,YR1970,France,FRA,..
1970,YR1970,Germany,DEU,..
1970,YR1970,India,IND,..
1970,YR1970,Indonesia,IDN,..
1970,YR1970,"Iran, Islamic Rep.",IRN,..
1970,YR1970,Italy,ITA,..
1970,YR1970,Japan,JPN,..
1970,YR1970,"Korea, Rep.",KOR,..
1970,YR1970,Mexico,MEX,..
1970,YR1970,Netherlands,NLD,..
1970,YR1970,Nigeria,NGA,..
1970,YR1970,Norway,NOR,..
1970,YR1970,Poland,POL,..
1970,YR1970,Russian Federation,RUS,..
1970,YR1970,Saudi Arabia,SAU,..
1970,YR1970,Spain,ESP,..
1970,YR1970,Sweden,SWE,..
1970,YR1970,Switzerland,CHE,..
1970,YR1970,Thailand,THA,..
1970,YR1970,Turkey,TUR,..
1970,YR1970,United Kingdom,GBR,..
1970,YR1970,United States,USA,..
1971,YR1971,Argentina,ARG,..
1971,YR1971,Australia,AUS,..
1971,YR1971,Austria,AUT,..
1971,YR1971,Belgium,BEL,..
1971,YR1971,Brazil,BRA,..
1971,YR1971,Canada,CAN,..
1971,YR1971,China,CHN,..
1971,YR1971,"Egypt, Arab Rep.",EGY,..
1971,YR1971,France,FRA,..
1971,YR1971,Germany,DEU,..
1971,YR1971,India,IND,..
1971,YR1971,Indonesia,IDN,..
1971,YR1971,"Iran, Islamic Rep.",IRN,..
1971,YR1971,Italy,ITA,..
1971,YR1971,Japan,JPN,..
1971,YR1971,"Korea, Rep.",KOR,..
1971,YR1971,Mexico,MEX,..
1971,YR1971,Netherlands,NLD,..
1971,YR1971,Nigeria,NGA,..
1971,YR1971,Norway,NOR,..
1971,YR1971,Poland,POL,..
1971,YR1971,Russian Federation,RUS,..
1971,YR1971,Saudi Arabia,SAU,..
1971,YR1971,Spain,ESP,..
1971,YR1971,Sweden,SWE,..
1971,YR1971,Switzerland,CHE,..
1971,YR1971,Thailand,THA,..
1971,YR1971,Turkey,TUR,..
1971,YR1971,United Kingdom,GBR,..
1971,YR1971,United States,USA,..
1972,YR1972,Argentina,ARG,..
1972,YR1972,Australia,AUS,..
1972,YR1972,Austria,AUT,..
1972,YR1972,Belgium,BEL,..
1972,YR1972,Brazil,BRA,..
1972,YR1972,Canada,CAN,..
1972,YR1972,China,CHN,..
1972,YR1972,"Egypt, Arab Rep.",EGY,..
1972,YR1972,France,FRA,..
1972,YR1972,Germany,DEU,..
1972,YR1972,India,IND,..
1972,YR1972,Indonesia,IDN,..
1972,YR1972,"Iran, Islamic Rep.",IRN,..
1972,YR1972,Italy,ITA,..
1972,YR1972,Japan,JPN,..
1972,YR1972,"Korea, Rep.",KOR,..
1972,YR1972,Mexico,MEX,..
1972,YR1972,Netherlands,NLD,..
1972,YR1972,Nigeria,NGA,..
1972,YR1972,Norway,NOR,..
1972,YR1972,Poland,POL,..
1972,YR1972,Russian Federation,RUS,..
1972,YR1972,Saudi Arabia,SAU,..
1972,YR1972,Spain,ESP,..
1972,YR1972,Sweden,SWE,..
1972,YR1972,Switzerland,CHE,..
1972,YR1972,Thailand,THA,..
1972,YR1972,Turkey,TUR,..
1972,YR1972,United Kingdom,GBR,..
1972,YR1972,United States,USA,..
1973,YR1973,Argentina,ARG,..
1973,YR1973,Australia,AUS,..
1973,YR1973,Austria,AUT,..
1973,YR1973,Belgium,BEL,..
1973,YR1973,Brazil,BRA,..
1973,YR1973,Canada,CAN,..
1973,YR1973,China,CHN,..
1973,YR1973,"Egypt, Arab Rep.",EGY,..
1973,YR1973,France,FRA,..
1973,YR1973,Germany,DEU,..
1973,YR1973,India,IND,..
1973,YR1973,Indonesia,IDN,..
1973,YR1973,"Iran, Islamic Rep.",IRN,..
1973,YR1973,Italy,ITA,..
1973,YR1973,Japan,JPN,..
1973,YR1973,"Korea, Rep.",KOR,..
1973,YR1973,Mexico,MEX,..
1973,YR1973,Netherlands,NLD,..
1973,YR1973,Nigeria,NGA,..
1973,YR1973,Norway,NOR,..
1973,YR1973,Poland,POL,..
1973,YR1973,Russian Federation,RUS,..
1973,YR1973,Saudi Arabia,SAU,..
1973,YR1973,Spain,ESP,..
1973,YR1973,Sweden,SWE,..
1973,YR1973,Switzerland,CHE,..
1973,YR1973,Thailand,THA,..
1973,YR1973,Turkey,TUR,..
1973,YR1973,United Kingdom,GBR,..
1973,YR1973,United States,USA,..
1974,YR1974,Argentina,ARG,..
1974,YR1974,Australia,AUS,..
1974,YR1974,Austria,AUT,..
1974,YR1974,Belgium,BEL,..
1974,YR1974,Brazil,BRA,..
1974,YR1974,Canada,CAN,..
1974,YR1974,China,CHN,..
1974,YR1974,"Egypt, Arab Rep.",EGY,..
1974,YR1974,France,FRA,..
1974,YR1974,Germany,DEU,..
1974,YR1974,India,IND,..
1974,YR1974,Indonesia,IDN,..
1974,YR1974,"Iran, Islamic Rep.",IRN,..
1974,YR1974,Italy,ITA,..
1974,YR1974,Japan,JPN,..
1974,YR1974,"Korea, Rep.",KOR,..
1974,YR1974,Mexico,MEX,..
1974,YR1974,Netherlands,NLD,..
1974,YR1974,Nigeria,NGA,..
1974,YR1974,Norway,NOR,..
1974,YR1974,Poland,POL,..
1974,YR1974,Russian Federation,RUS,..
1974,YR1974,Saudi Arabia,SAU,..
1974,YR1974,Spain,ESP,..
1974,YR1974,Sweden,SWE,..
1974,YR1974,Switzerland,CHE,..
1974,YR1974,Thailand,THA,..
1974,YR1974,Turkey,TUR,..
1974,YR1974,United Kingdom,GBR,..
1974,YR1974,United States,USA,..
1975,YR1975,Argentina,ARG,..
1975,YR1975,Australia,AUS,..
1975,YR1975,Austria,AUT,..
1975,YR1975,Belgium,BEL,..
1975,YR1975,Brazil,BRA,..
1975,YR1975,Canada,CAN,..
1975,YR1975,China,CHN,..
1975,YR1975,"Egypt, Arab Rep.",EGY,..
1975,YR1975,France,FRA,..
1975,YR1975,Germany,DEU,..
1975,YR1975,India,IND,..
1975,YR1975,Indonesia,IDN,..
1975,YR1975,"Iran, Islamic Rep.",IRN,..
1975,YR1975,Italy,ITA,..
1975,YR1975,Japan,JPN,..
1975,YR1975,"Korea, Rep.",KOR,..
1975,YR1975,Mexico,MEX,..
1975,YR1975,Netherlands,NLD,..
1975,YR1975,Nigeria,NGA,..
1975,YR1975,Norway,NOR,..
1975,YR1975,Poland,POL,..
1975,YR1975,Russian Federation,RUS,..
1975,YR1975,Saudi Arabia,SAU,..
1975,YR1975,Spain,ESP,..
1975,YR1975,Sweden,SWE,..
1975,YR1975,Switzerland,CHE,..
1975,YR1975,Thailand,THA,..
1975,YR1975,Turkey,TUR,..
1975,YR1975,United Kingdom,GBR,..
1975,YR1975,United States,USA,..
1976,YR1976,Argentina,ARG,..
1976,YR1976,Australia,AUS,..
1976,YR1976,Austria,AUT,..
1976,YR1976,Belgium,BEL,..
1976,YR1976,Brazil,BRA,..
1976,YR1976,Canada,CAN,..
1976,YR1976,China,CHN,..
1976,YR1976,"Egypt, Arab Rep.",EGY,..
1976,YR1976,France,FRA,..
1976,YR1976,Germany,DEU,..
1976,YR1976,India,IND,..
1976,YR1976,Indonesia,IDN,..
1976,YR1976,"Iran, Islamic Rep.",IRN,..
1976,YR1976,Italy,ITA,..
1976,YR1976,Japan,JPN,..
1976,YR1976,"Korea, Rep.",KOR,..
1976,YR1976,Mexico,MEX,..
1976,YR1976,Netherlands,NLD,..
1976,YR1976,Nigeria,NGA,..
1976,YR1976,Norway,NOR,..
1976,YR1976,Poland,POL,..
1976,YR1976,Russian Federation,RUS,..
1976,YR1976,Saudi Arabia,SAU,..
1976,YR1976,Spain,ESP,..
1976,YR1976,Sweden,SWE,..
1976,YR1976,Switzerland,CHE,..
1976,YR1976,Thailand,THA,..
1976,YR1976,Turkey,TUR,..
1976,YR1976,United Kingdom,GBR,..
1976,YR1976,United States,USA,..
1977,YR1977,Argentina,ARG,..
1977,YR1977,Australia,AUS,..
1977,YR1977,Austria,AUT,..
1977,YR1977,Belgium,BEL,..
1977,YR1977,Brazil,BRA,..
1977,YR1977,Canada,CAN,..
1977,YR1977,China,CHN,..
1977,YR1977,"Egypt, Arab Rep.",EGY,..
1977,YR1977,France,FRA,..
1977,YR1977,Germany,DEU,..
1977,YR1977,India,IND,..
1977,YR1977,Indonesia,IDN,..
1977,YR1977,"Iran, Islamic Rep.",IRN,..
1977,YR1977,Italy,ITA,..
1977,YR1977,Japan,JPN,..
1977,YR1977,"Korea, Rep.",KOR,..
1977,YR1977,Mexico,MEX,..
1977,YR1977,Netherlands,NLD,..
1977,YR1977,Nigeria,NGA,..
1977,YR1977,Norway,NOR,..
1977,YR1977,Poland,POL,..
1977,YR1977,Russian Federation,RUS,..
1977,YR1977,Saudi Arabia,SAU,..
1977,YR1977,Spain,ESP,..
1977,YR1977,Sweden,SWE,..
1977,YR1977,Switzerland,CHE,..
1977,YR1977,Thailand,THA,..
1977,YR1977,Turkey,TUR,..
1977,YR1977,United Kingdom,GBR,..
1977,YR1977,United States,USA,..
1978,YR1978,Argentina,ARG,..
1978,YR1978,Australia,AUS,..
1978,YR1978,Austria,AUT,..
1978,YR1978,Belgium,BEL,..
1978,YR1978,Brazil,BRA,..
1978,YR1978,Canada,CAN,..
1978,YR1978,China,CHN,..
1978,YR1978,"Egypt, Arab Rep.",EGY,..
1978,YR1978,France,FRA,..
1978,YR1978,Germany,DEU,..
1978,YR1978,India,IND,..
1978,YR1978,Indonesia,IDN,..
1978,YR1978,"Iran, Islamic Rep.",IRN,..
1978,YR1978,Italy,ITA,..
1978,YR1978,Japan,JPN,..
1978,YR1978,"Korea, Rep.",KOR,..
1978,YR1978,Mexico,MEX,..
1978,YR1978,Netherlands,NLD,..
1978,YR1978,Nigeria,NGA,..
1978,YR1978,Norway,NOR,..
1978,YR1978,Poland,POL,..
1978,YR1978,Russian Federation,RUS,..
1978,YR1978,Saudi Arabia,SAU,..
1978,YR1978,Spain,ESP,..
1978,YR1978,Sweden,SWE,..
1978,YR1978,Switzerland,CHE,..
1978,YR1978,Thailand,THA,..
1978,YR1978,Turkey,TUR,..
1978,YR1978,United Kingdom,GBR,..
1978,YR1978,United States,USA,..
1979,YR1979,Argentina,ARG,..
1979,YR1979,Australia,AUS,..
1979,YR1979,Austria,AUT,..
1979,YR1979,Belgium,BEL,..
1979,YR1979,Brazil,BRA,..
1979,YR1979,Canada,CAN,..
1979,YR1979,China,CHN,..
1979,YR1979,"Egypt, Arab Rep.",EGY,..
1979,YR1979,France,FRA,..
1979,YR1979,Germany,DEU,..
1979,YR1979,India,IND,..
1979,YR1979,Indonesia,IDN,..
1979,YR1979,"Iran, Islamic Rep.",IRN,..
1979,YR1979,Italy,ITA,..
1979,YR1979,Japan,JPN,..
1979,YR1979,"Korea, Rep.",KOR,..
1979,YR1979,Mexico,MEX,..
1979,YR1979,Netherlands,NLD,..
1979,YR1979,Nigeria,NGA,..
1979,YR1979,Norway,NOR,..
1979,YR1979,Poland,POL,..
1979,YR1979,Russian Federation,RUS,..
1979,YR1979,Saudi Arabia,SAU,..
1979,YR1979,Spain,ESP,..
1979,YR1979,Sweden,SWE,..
1979,YR1979,Switzerland,CHE,..
1979,YR1979,Thailand,THA,..
1979,YR1979,Turkey,TUR,..
1979,YR1979,United Kingdom,GBR,..
1979,YR1979,United States,USA,..
1980,YR1980,Argentina,ARG,..
1980,YR1980,Australia,AUS,..
1980,YR1980,Austria,AUT,..
1980,YR1980,Belgium,BEL,..
1980,YR1980,Brazil,BRA,..
1980,YR1980,Canada,CAN,..
1980,YR1980,China,CHN,..
1980,YR1980,"Egypt, Arab Rep.",EGY,..
1980,YR1980,France,FRA,..
1980,YR1980,Germany,DEU,..
1980,YR1980,India,IND,..
1980,YR1980,Indonesia,IDN,..
1980,YR1980,"Iran, Islamic Rep.",IRN,..
1980,YR1980,Italy,ITA,..
1980,YR1980,Japan,JPN,..
1980,YR1980,"Korea, Rep.",KOR,..
1980,YR1980,Mexico,MEX,..
1980,YR1980,Netherlands,NLD,..
1980,YR1980,Nigeria,NGA,..
1980,YR1980,Norway,NOR,..
1980,YR1980,Poland,POL,..
1980,YR1980,Russian Federation,RUS,..
1980,YR1980,Saudi Arabia,SAU,..
1980,YR1980,Spain,ESP,..
1980,YR1980,Sweden,SWE,..
1980,YR1980,Switzerland,CHE,..
1980,YR1980,Thailand,THA,..
1980,YR1980,Turkey,TUR,..
1980,YR1980,United Kingdom,GBR,..
1980,YR1980,United States,USA,..
1981,YR1981,Argentina,ARG,..
1981,YR1981,Australia,AUS,..
1981,YR1981,Austria,AUT,..
1981,YR1981,Belgium,BEL,..
1981,YR1981,Brazil,BRA,..
1981,YR1981,Canada,CAN,..
1981,YR1981,China,CHN,..
1981,YR1981,"Egypt, Arab Rep.",EGY,..
1981,YR1981,France,FRA,..
1981,YR1981,Germany,DEU,..
1981,YR1981,India,IND,..
1981,YR1981,Indonesia,IDN,..
1981,YR1981,"Iran, Islamic Rep.",IRN,..
1981,YR1981,Italy,ITA,..
1981,YR1981,Japan,JPN,..
1981,YR1981,"Korea, Rep.",KOR,..
1981,YR1981,Mexico,MEX,..
1981,YR1981,Netherlands,NLD,..
1981,YR1981,Nigeria,NGA,..
1981,YR1981,Norway,NOR,..
1981,YR1981,Poland,POL,..
1981,YR1981,Russian Federation,RUS,..
1981,YR1981,Saudi Arabia,SAU,..
1981,YR1981,Spain,ESP,..
1981,YR1981,Sweden,SWE,..
1981,YR1981,Switzerland,CHE,..
1981,YR1981,Thailand,THA,..
1981,YR1981,Turkey,TUR,..
1981,YR1981,United Kingdom,GBR,..
1981,YR1981,United States,USA,..
1982,YR1982,Argentina,ARG,..
1982,YR1982,Australia,AUS,..
1982,YR1982,Austria,AUT,..
1982,YR1982,Belgium,BEL,..
1982,YR1982,Brazil,BRA,..
1982,YR1982,Canada,CAN,..
1982,YR1982,China,CHN,..
1982,YR1982,"Egypt, Arab Rep.",EGY,..
1982,YR1982,France,FRA,..
1982,YR1982,Germany,DEU,..
1982,YR1982,India,IND,..
1982,YR1982,Indonesia,IDN,..
1982,YR1982,"Iran, Islamic Rep.",IRN,..
1982,YR1982,Italy,ITA,..
1982,YR1982,Japan,JPN,..
1982,YR1982,"Korea, Rep.",KOR,..
1982,YR1982,Mexico,MEX,..
1982,YR1982,Netherlands,NLD,..
1982,YR1982,Nigeria,NGA,..
1982,YR1982,Norway,NOR,..
1982,YR1982,Poland,POL,..
1982,YR1982,Russian Federation,RUS,..
1982,YR1982,Saudi Arabia,SAU,..
1982,YR1982,Spain,ESP,..
1982,YR1982,Sweden,SWE,..
1982,YR1982,Switzerland,CHE,..
1982,YR1982,Thailand,THA,..
1982,YR1982,Turkey,TUR,..
1982,YR1982,United Kingdom,GBR,..
1982,YR1982,United States,USA,..
1983,YR1983,Argentina,ARG,..
1983,YR1983,Australia,AUS,..
1983,YR1983,Austria,AUT,..
1983,YR1983,Belgium,BEL,..
1983,YR1983,Brazil,BRA,..
1983,YR1983,Canada,CAN,..
1983,YR1983,China,CHN,..
1983,YR1983,"Egypt, Arab Rep.",EGY,..
1983,YR1983,France,FRA,..
1983,YR1983,Germany,DEU,..
1983,YR1983,India,IND,..
1983,YR1983,Indonesia,IDN,..
1983,YR1983,"Iran, Islamic Rep.",IRN,..
1983,YR1983,Italy,ITA,..
1983,YR1983,Japan,JPN,..
1983,YR1983,"Korea, Rep.",KOR,..
1983,YR1983,Mexico,MEX,..
1983,YR1983,Netherlands,NLD,..
1983,YR1983,Nigeria,NGA,..
1983,YR1983,Norway,NOR,..
1983,YR1983,Poland,POL,..
1983,YR1983,Russian Federation,RUS,..
1983,YR1983,Saudi Arabia,SAU,..
1983,YR1983,Spain,ESP,..
1983,YR1983,Sweden,SWE,..
1983,YR1983,Switzerland,CHE,..
1983,YR1983,Thailand,THA,..
1983,YR1983,Turkey,TUR,..
1983,YR1983,United Kingdom,GBR,..
1983,YR1983,United States,USA,..
1984,YR1984,Argentina,ARG,..
1984,YR1984,Australia,AUS,..
1984,YR1984,Austria,AUT,..
1984,YR1984,Belgium,BEL,..
1984,YR1984,Brazil,BRA,..
1984,YR1984,Canada,CAN,..
1984,YR1984,China,CHN,..
1984,YR1984,"Egypt, Arab Rep.",EGY,..
1984,YR1984,France,FRA,..
1984,YR1984,Germany,DEU,..
1984,YR1984,India,IND,..
1984,YR1984,Indonesia,IDN,..
1984,YR1984,"Iran, Islamic Rep.",IRN,..
1984,YR1984,Italy,ITA,..
1984,YR1984,Japan,JPN,..
1984,YR1984,"Korea, Rep.",KOR,..
1984,YR1984,Mexico,MEX,..
1984,YR1984,Netherlands,NLD,..
1984,YR1984,Nigeria,NGA,..
1984,YR1984,Norway,NOR,..
1984,YR1984,Poland,POL,..
1984,YR1984,Russian Federation,RUS,..
1984,YR1984,Saudi Arabia,SAU,..
1984,YR1984,Spain,ESP,..
1984,YR1984,Sweden,SWE,..
1984,YR1984,Switzerland,CHE,..
1984,YR1984,Thailand,THA,..
1984,YR1984,Turkey,TUR,..
1984,YR1984,United Kingdom,GBR,..
1984,YR1984,United States,USA,..
1985,YR1985,Argentina,ARG,..
1985,YR1985,Australia,AUS,..
1985,YR1985,Austria,AUT,..
1985,YR1985,Belgium,BEL,..
1985,YR1985,Brazil,BRA,..
1985,YR1985,Canada,CAN,..
1985,YR1985,China,CHN,..
1985,YR1985,"Egypt, Arab Rep.",EGY,..
1985,YR1985,France,FRA,..
1985,YR1985,Germany,DEU,..
1985,YR1985,India,IND,..
1985,YR1985,Indonesia,IDN,..
1985,YR1985,"Iran, Islamic Rep.",IRN,..
1985,YR1985,Italy,ITA,..
1985,YR1985,Japan,JPN,..
1985,YR1985,"Korea, Rep.",KOR,..
1985,YR1985,Mexico,MEX,..
1985,YR1985,Netherlands,NLD,..
1985,YR1985,Nigeria,NGA,..
1985,YR1985,Norway,NOR,..
1985,YR1985,Poland,POL,..
1985,YR1985,Russian Federation,RUS,..
1985,YR1985,Saudi Arabia,SAU,..
1985,YR1985,Spain,ESP,..
1985,YR1985,Sweden,SWE,..
1985,YR1985,Switzerland,CHE,..
1985,YR1985,Thailand,THA,..
1985,YR1985,Turkey,TUR,..
1985,YR1985,United Kingdom,GBR,..
1985,YR1985,United States,USA,..
1986,YR1986,Argentina,ARG,..
1986,YR1986,Australia,AUS,..
1986,YR1986,Austria,AUT,..
1986,YR1986,Belgium,BEL,..
1986,YR1986,Brazil,BRA,..
1986,YR1986,Canada,CAN,..
1986,YR1986,China,CHN,..
1986,YR1986,"Egypt, Arab Rep.",EGY,..
1986,YR1986,France,FRA,..
1986,YR1986,Germany,DEU,..
1986,YR1986,India,IND,..
1986,YR1986,Indonesia,IDN,..
1986,YR1986,"Iran, Islamic Rep.",IRN,..
1986,YR1986,Italy,ITA,..
1986,YR1986,Japan,JPN,..
1986,YR1986,"Korea, Rep.",KOR,..
1986,YR1986,Mexico,MEX,..
1986,YR1986,Netherlands,NLD,..
1986,YR1986,Nigeria,NGA,..
1986,YR1986,Norway,NOR,..
1986,YR1986,Poland,POL,..
1986,YR1986,Russian Federation,RUS,..
1986,YR1986,Saudi Arabia,SAU,..
1986,YR1986,Spain,ESP,..
1986,YR1986,Sweden,SWE,..
1986,YR1986,Switzerland,CHE,..
1986,YR1986,Thailand,THA,..
1986,YR1986,Turkey,TUR,..
1986,YR1986,United Kingdom,GBR,..
1986,YR1986,United States,USA,..
1987,YR1987,Argentina,ARG,..
1987,YR1987,Australia,AUS,..
1987,YR1987,Austria,AUT,..
1987,YR1987,Belgium,BEL,..
1987,YR1987,Brazil,BRA,..
1987,YR1987,Canada,CAN,..
1987,YR1987,China,CHN,..
1987,YR1987,"Egypt, Arab Rep.",EGY,..
1987,YR1987,France,FRA,..
1987,YR1987,Germany,DEU,..
1987,YR1987,India,IND,..
1987,YR1987,Indonesia,IDN,..
1987,YR1987,"Iran, Islamic Rep.",IRN,..
1987,YR1987,Italy,ITA,..
1987,YR1987,Japan,JPN,..
1987,YR1987,"Korea, Rep.",KOR,..
1987,YR1987,Mexico,MEX,..
1987,YR1987,Netherlands,NLD,..
1987,YR1987,Nigeria,NGA,..
1987,YR1987,Norway,NOR,..
1987,YR1987,Poland,POL,..
1987,YR1987,Russian Federation,RUS,..
1987,YR1987,Saudi Arabia,SAU,..
1987,YR1987,Spain,ESP,..
1987,YR1987,Sweden,SWE,..
1987,YR1987,Switzerland,CHE,..
1987,YR1987,Thailand,THA,..
1987,YR1987,Turkey,TUR,..
1987,YR1987,United Kingdom,GBR,..
1987,YR1987,United States,USA,..
1988,YR1988,Argentina,ARG,..
1988,YR1988,Australia,AUS,..
1988,YR1988,Austria,AUT,..
1988,YR1988,Belgium,BEL,..
1988,YR1988,Brazil,BRA,..
1988,YR1988,Canada,CAN,..
1988,YR1988,China,CHN,..
1988,YR1988,"Egypt, Arab Rep.",EGY,..
1988,YR1988,France,FRA,..
1988,YR1988,Germany,DEU,..
1988,YR1988,India,IND,..
1988,YR1988,Indonesia,IDN,..
1988,YR1988,"Iran, Islamic Rep.",IRN,..
1988,YR1988,Italy,ITA,..
1988,YR1988,Japan,JPN,..
1988,YR1988,"Korea, Rep.",KOR,..
1988,YR1988,Mexico,MEX,..
1988,YR1988,Netherlands,NLD,..
1988,YR1988,Nigeria,NGA,..
1988,YR1988,Norway,NOR,..
1988,YR1988,Poland,POL,..
1988,YR1988,Russian Federation,RUS,..
1988,YR1988,Saudi Arabia,SAU,..
1988,YR1988,Spain,ESP,..
1988,YR1988,Sweden,SWE,..
1988,YR1988,Switzerland,CHE,..
1988,YR1988,Thailand,THA,..
1988,YR1988,Turkey,TUR,..
1988,YR1988,United Kingdom,GBR,..
1988,YR1988,United States,USA,..
1989,YR1989,Argentina,ARG,..
1989,YR1989,Australia,AUS,..
1989,YR1989,Austria,AUT,..
1989,YR1989,Belgium,BEL,..
1989,YR1989,Brazil,BRA,..
1989,YR1989,Canada,CAN,..
1989,YR1989,China,CHN,..
1989,YR1989,"Egypt, Arab Rep.",EGY,..
1989,YR1989,France,FRA,..
1989,YR1989,Germany,DEU,..
1989,YR1989,India,IND,..
1989,YR1989,Indonesia,IDN,..
1989,YR1989,"Iran, Islamic Rep.",IRN,..
1989,YR1989,Italy,ITA,..
1989,YR1989,Japan,JPN,..
1989,YR1989,"Korea, Rep.",KOR,..
1989,YR1989,Mexico,MEX,..
1989,YR1989,Netherlands,NLD,..
1989,YR1989,Nigeria,NGA,..
1989,YR1989,Norway,NOR,..
1989,YR1989,Poland,POL,..
1989,YR1989,Russian Federation,RUS,..
1989,YR1989,Saudi Arabia,SAU,..
1989,YR1989,Spain,ESP,..
1989,YR1989,Sweden,SWE,..
1989,YR1989,Switzerland,CHE,..
1989,YR1989,Thailand,THA,..
1989,YR1989,Turkey,TUR,..
1989,YR1989,United Kingdom,GBR,..
1989,YR1989,United States,USA,..
1990,YR1990,Argentina,ARG,..
1990,YR1990,Australia,AUS,..
1990,YR1990,Austria,AUT,..
1990,YR1990,Belgium,BEL,..
1990,YR1990,Brazil,BRA,..
1990,YR1990,Canada,CAN,..
1990,YR1990,China,CHN,..
1990,YR1990,"Egypt, Arab Rep.",EGY,..
1990,YR1990,France,FRA,..
1990,YR1990,Germany,DEU,..
1990,YR1990,India,IND,..
1990,YR1990,Indonesia,IDN,..
1990,YR1990,"Iran, Islamic Rep.",IRN,..
1990,YR1990,Italy,ITA,..
1990,YR1990,Japan,JPN,..
1990,YR1990,"Korea, Rep.",KOR,..
1990,YR1990,Mexico,MEX,..
1990,YR1990,Netherlands,NLD,..
1990,YR1990,Nigeria,NGA,..
1990,YR1990,Norway,NOR,..
1990,YR1990,Poland,POL,..
1990,YR1990,Russian Federation,RUS,..
1990,YR1990,Saudi Arabia,SAU,..
1990,YR1990,Spain,ESP,..
1990,YR1990,Sweden,SWE,..
1990,YR1990,Switzerland,CHE,..
1990,YR1990,Thailand,THA,..
1990,YR1990,Turkey,TUR,..
1990,YR1990,United Kingdom,GBR,..
1990,YR1990,United States,USA,..
1991,YR1991,Argentina,ARG,..
1991,YR1991,Australia,AUS,..
1991,YR1991,Austria,AUT,..
1991,YR1991,Belgium,BEL,..
1991,YR1991,Brazil,BRA,..
1991,YR1991,Canada,CAN,..
1991,YR1991,China,CHN,..
1991,YR1991,"Egypt, Arab Rep.",EGY,0.29
1991,YR1991,France,FRA,..
1991,YR1991,Germany,DEU,..
1991,YR1991,India,IND,0.56
1991,YR1991,Indonesia,IDN,0.24
1991,YR1991,"Iran, Islamic Rep.",IRN,..
1991,YR1991,Italy,ITA,..
1991,YR1991,Japan,JPN,..
1991,YR1991,"Korea, Rep.",KOR,0.54
1991,YR1991,Mexico,MEX,..
1991,YR1991,Netherlands,NLD,..
1991,YR1991,Nigeria,NGA,0.05
1991,YR1991,Norway,NOR,..
1991,YR1991,Poland,POL,..
1991,YR1991,Russian Federation,RUS,..
1991,YR1991,Saudi Arabia,SAU,..
1991,YR1991,Spain,ESP,..
1991,YR1991,Sweden,SWE,..
1991,YR1991,Switzerland,CHE,..
1991,YR1991,Thailand,THA,0.36
1991,YR1991,Turkey,TUR,..
1991,YR1991,United Kingdom,GBR,..
1991,YR1991,United States,USA,..
1992,YR1992,Argentina,ARG,0.79
1992,YR1992,Australia,AUS,..
1992,YR1992,Austria,AUT,..
1992,YR1992,Belgium,BEL,..
1992,YR1992,Brazil,BRA,0.53
1992,YR1992,Canada,CAN,0.47
1992,YR1992,China,CHN,..
1992,YR1992,"Egypt, Arab Rep.",EGY,0.3
1992,YR1992,France,FRA,..
1992,YR1992,Germany,DEU,..
1992,YR1992,India,IND,..
1992,YR1992,Indonesia,IDN,..
1992,YR1992,"Iran, Islamic Rep.",IRN,..
1992,YR1992,Italy,ITA,..
1992,YR1992,Japan,JPN,..
1992,YR1992,"Korea, Rep.",KOR,..
1992,YR1992,Mexico,MEX,0.39
1992,YR1992,Netherlands,NLD,..
1992,YR1992,Nigeria,NGA,0.02
1992,YR1992,Norway,NOR,..
1992,YR1992,Poland,POL,..
1992,YR1992,Russian Federation,RUS,..
1992,YR1992,Saudi Arabia,SAU,..
1992,YR1992,Spain,ESP,..
1992,YR1992,Sweden,SWE,..
1992,YR1992,Switzerland,CHE,..
1992,YR1992,Thailand,THA,..
1992,YR1992,Turkey,TUR,..
1992,YR1992,United Kingdom,GBR,..
1992,YR1992,United States,USA,0.32
1993,YR1993,Argentina,ARG,..
1993,YR1993,Australia,AUS,..
1993,YR1993,Austria,AUT,..
1993,YR1993,Belgium,BEL,..
1993,YR1993,Brazil,BRA,..
1993,YR1993,Canada,CAN,..
1993,YR1993,China,CHN,..
1993,YR1993,"Egypt, Arab Rep.",EGY,..
1993,YR1993,France,FRA,..
1993,YR1993,Germany,DEU,..
1993,YR1993,India,IND,..
1993,YR1993,Indonesia,IDN,..
1993,YR1993,"Iran, Islamic Rep.",IRN,..
1993,YR1993,Italy,ITA,..
1993,YR1993,Japan,JPN,..
1993,YR1993,"Korea, Rep.",KOR,..
1993,YR1993,Mexico,MEX,..
1993,YR1993,Netherlands,NLD,..
1993,YR1993,Nigeria,NGA,..
1993,YR1993,Norway,NOR,..
1993,YR1993,Poland,POL,..
1993,YR1993,Russian Federation,RUS,..
1993,YR1993,Saudi Arabia,SAU,..
1993,YR1993,Spain,ESP,..
1993,YR1993,Sweden,SWE,..
1993,YR1993,Switzerland,CHE,..
1993,YR1993,Thailand,THA,..
1993,YR1993,Turkey,TUR,..
1993,YR1993,United Kingdom,GBR,..
1993,YR1993,United States,USA,..
1994,YR1994,Argentina,ARG,..
1994,YR1994,Australia,AUS,..
1994,YR1994,Austria,AUT,..
1994,YR1994,Belgium,BEL,..
1994,YR1994,Brazil,BRA,..
1994,YR1994,Canada,CAN,..
1994,YR1994,China,CHN,..
1994,YR1994,"Egypt, Arab Rep.",EGY,..
1994,YR1994,France,FRA,..
1994,YR1994,Germany,DEU,..
1994,YR1994,India,IND,..
1994,YR1994,Indonesia,IDN,..
1994,YR1994,"Iran, Islamic Rep.",IRN,..
1994,YR1994,Italy,ITA,..
1994,YR1994,Japan,JPN,..
1994,YR1994,"Korea, Rep.",KOR,..
1994,YR1994,Mexico,MEX,..
1994,YR1994,Netherlands,NLD,..
1994,YR1994,Nigeria,NGA,..
1994,YR1994,Norway,NOR,..
1994,YR1994,Poland,POL,..
1994,YR1994,Russian Federation,RUS,..
1994,YR1994,Saudi Arabia,SAU,..
1994,YR1994,Spain,ESP,..
1994,YR1994,Sweden,SWE,..
1994,YR1994,Switzerland,CHE,..
1994,YR1994,Thailand,THA,..
1994,YR1994,Turkey,TUR,..
1994,YR1994,United Kingdom,GBR,..
1994,YR1994,United States,USA,..
1995,YR1995,Argentina,ARG,0.6
1995,YR1995,Australia,AUS,..
1995,YR1995,Austria,AUT,1.15
1995,YR1995,Belgium,BEL,1.18
1995,YR1995,Brazil,BRA,0.63
1995,YR1995,Canada,CAN,0.45
1995,YR1995,China,CHN,0.27
1995,YR1995,"Egypt, Arab Rep.",EGY,0.29
1995,YR1995,France,FRA,1.17
1995,YR1995,Germany,DEU,1.12
1995,YR1995,India,IND,0.48
1995,YR1995,Indonesia,IDN,0.44
1995,YR1995,"Iran, Islamic Rep.",IRN,..
1995,YR1995,Italy,ITA,1.18
1995,YR1995,Japan,JPN,1.25
1995,YR1995,"Korea, Rep.",KOR,0.79
1995,YR1995,Mexico,MEX,0.32
1995,YR1995,Netherlands,NLD,1.21
1995,YR1995,Nigeria,NGA,0.13
1995,YR1995,Norway,NOR,1.33
1995,YR1995,Poland,POL,0.55
1995,YR1995,Russian Federation,RUS,0.35
1995,YR1995,Saudi Arabia,SAU,0.16
1995,YR1995,Spain,ESP,0.89
1995,YR1995,Sweden,SWE,1.17
1995,YR1995,Switzerland,CHE,1.02
1995,YR1995,Thailand,THA,0.34
1995,YR1995,Turkey,TUR,0.56
1995,YR1995,United Kingdom,GBR,0.92
1995,YR1995,United States,USA,0.34
1996,YR1996,Argentina,ARG,..
1996,YR1996,Australia,AUS,..
1996,YR1996,Austria,AUT,..
1996,YR1996,Belgium,BEL,..
1996,YR1996,Brazil,BRA,..
1996,YR1996,Canada,CAN,..
1996,YR1996,China,CHN,..
1996,YR1996,"Egypt, Arab Rep.",EGY,..
1996,YR1996,France,FRA,..
1996,YR1996,Germany,DEU,..
1996,YR1996,India,IND,..
1996,YR1996,Indonesia,IDN,..
1996,YR1996,"Iran, Islamic Rep.",IRN,..
1996,YR1996,Italy,ITA,..
1996,YR1996,Japan,JPN,..
1996,YR1996,"Korea, Rep.",KOR,..
1996,YR1996,Mexico,MEX,..
1996,YR1996,Netherlands,NLD,..
1996,YR1996,Nigeria,NGA,..
1996,YR1996,Norway,NOR,..
1996,YR1996,Poland,POL,..
1996,YR1996,Russian Federation,RUS,..
1996,YR1996,Saudi Arabia,SAU,..
1996,YR1996,Spain,ESP,..
1996,YR1996,Sweden,SWE,..
1996,YR1996,Switzerland,CHE,..
1996,YR1996,Thailand,THA,..
1996,YR1996,Turkey,TUR,..
1996,YR1996,United Kingdom,GBR,..
1996,YR1996,United States,USA,..
1997,YR1997,Argentina,ARG,..
1997,YR1997,Australia,AUS,..
1997,YR1997,Austria,AUT,..
1997,YR1997,Belgium,BEL,..
1997,YR1997,Brazil,BRA,..
1997,YR1997,Canada,CAN,..
1997,YR1997,China,CHN,..
1997,YR1997,"Egypt, Arab Rep.",EGY,..
1997,YR1997,France,FRA,..
1997,YR1997,Germany,DEU,..
1997,YR1997,India,IND,..
1997,YR1997,Indonesia,IDN,..
1997,YR1997,"Iran, Islamic Rep.",IRN,..
1997,YR1997,Italy,ITA,..
1997,YR1997,Japan,JPN,..
1997,YR1997,"Korea, Rep.",KOR,..
1997,YR1997,Mexico,MEX,..
1997,YR1997,Netherlands,NLD,..
1997,YR1997,Nigeria,NGA,..
1997,YR1997,Norway,NOR,..
1997,YR1997,Poland,POL,..
1997,YR1997,Russian Federation,RUS,..
1997,YR1997,Saudi Arabia,SAU,..
1997,YR1997,Spain,ESP,..
1997,YR1997,Sweden,SWE,..
1997,YR1997,Switzerland,CHE,..
1997,YR1997,Thailand,THA,..
1997,YR1997,Turkey,TUR,..
1997,YR1997,United Kingdom,GBR,..
1997,YR1997,United States,USA,..
1998,YR1998,Argentina,ARG,0.94
1998,YR1998,Australia,AUS,0.46
1998,YR1998,Austria,AUT,1.04
1998,YR1998,Belgium,BEL,1.12
1998,YR1998,Brazil,BRA,0.8
1998,YR1998,Canada,CAN,0.41
1998,YR1998,China,CHN,0.28
1998,YR1998,"Egypt, Arab Rep.",EGY,0.29
1998,YR1998,France,FRA,1.11
1998,YR1998,Germany,DEU,0.96
1998,YR1998,India,IND,0.56
1998,YR1998,Indonesia,IDN,0.16
1998,YR1998,"Iran, Islamic Rep.",IRN,0.08
1998,YR1998,Italy,ITA,1.19
1998,YR1998,Japan,JPN,1.02
1998,YR1998,"Korea, Rep.",KOR,0.93
1998,YR1998,Mexico,MEX,0.36
1998,YR1998,Netherlands,NLD,1.14
1998,YR1998,Nigeria,NGA,0.13
1998,YR1998,Norway,NOR,1.21
1998,YR1998,Poland,POL,0.54
1998,YR1998,Russian Federation,RUS,0.28
1998,YR1998,Saudi Arabia,SAU,0.16
1998,YR1998,Spain,ESP,0.84
1998,YR1998,Sweden,SWE,1.09
1998,YR1998,Switzerland,CHE,0.86
1998,YR1998,Thailand,THA,0.3
1998,YR1998,Turkey,TUR,0.78
1998,YR1998,United Kingdom,GBR,1.11
1998,YR1998,United States,USA,0.32
1999,YR1999,Argentina,ARG,..
1999,YR1999,Australia,AUS,..
1999,YR1999,Austria,AUT,..
1999,YR1999,Belgium,BEL,..
1999,YR1999,Brazil,BRA,..
1999,YR1999,Canada,CAN,..
1999,YR1999,China,CHN,..
1999,YR1999,"Egypt, Arab Rep.",EGY,..
1999,YR1999,France,FRA,..
1999,YR1999,Germany,DEU,..
1999,YR1999,India,IND,..
1999,YR1999,Indonesia,IDN,..
1999,YR1999,"Iran, Islamic Rep.",IRN,..
1999,YR1999,Italy,ITA,..
1999,YR1999,Japan,JPN,..
1999,YR1999,"Korea, Rep.",KOR,..
1999,YR1999,Mexico,MEX,..
1999,YR1999,Netherlands,NLD,..
1999,YR1999,Nigeria,NGA,..
1999,YR1999,Norway,NOR,..
1999,YR1999,Poland,POL,..
1999,YR1999,Russian Federation,RUS,..
1999,YR1999,Saudi Arabia,SAU,..
1999,YR1999,Spain,ESP,..
1999,YR1999,Sweden,SWE,..
1999,YR1999,Switzerland,CHE,..
1999,YR1999,Thailand,THA,..
1999,YR1999,Turkey,TUR,..
1999,YR1999,United Kingdom,GBR,..
1999,YR1999,United States,USA,..
2000,YR2000,Argentina,ARG,1.07
2000,YR2000,Australia,AUS,0.57
2000,YR2000,Austria,AUT,0.82
2000,YR2000,Belgium,BEL,0.96
2000,YR2000,Brazil,BRA,0.92
2000,YR2000,Canada,CAN,0.58
2000,YR2000,China,CHN,0.4
2000,YR2000,"Egypt, Arab Rep.",EGY,0.26
2000,YR2000,France,FRA,0.99
2000,YR2000,Germany,DEU,0.91
2000,YR2000,India,IND,0.6
2000,YR2000,Indonesia,IDN,0.17
2000,YR2000,"Iran, Islamic Rep.",IRN,0.05
2000,YR2000,Italy,ITA,0.97
2000,YR2000,Japan,JPN,1.06
2000,YR2000,"Korea, Rep.",KOR,0.92
2000,YR2000,Mexico,MEX,0.61
2000,YR2000,Netherlands,NLD,1.03
2000,YR2000,Nigeria,NGA,0.27
2000,YR2000,Norway,NOR,1.19
2000,YR2000,Poland,POL,0.76
2000,YR2000,Russian Federation,RUS,0.33
2000,YR2000,Saudi Arabia,SAU,0.24
2000,YR2000,Spain,ESP,0.73
2000,YR2000,Sweden,SWE,0.94
2000,YR2000,Switzerland,CHE,0.78
2000,YR2000,Thailand,THA,0.39
2000,YR2000,Turkey,TUR,0.88
2000,YR2000,United Kingdom,GBR,1.17
2000,YR2000,United States,USA,0.47
2001,YR2001,Argentina,ARG,..
2001,YR2001,Australia,AUS,..
2001,YR2001,Austria,AUT,..
2001,YR2001,Belgium,BEL,..
2001,YR2001,Brazil,BRA,..
2001,YR2001,Canada,CAN,..
2001,YR2001,China,CHN,..
2001,YR2001,"Egypt, Arab Rep.",EGY,..
2001,YR2001,France,FRA,..
2001,YR2001,Germany,DEU,..
2001,YR2001,India,IND,..
2001,YR2001,Indonesia,IDN,..
2001,YR2001,"Iran, Islamic Rep.",IRN,..
2001,YR2001,Italy,ITA,..
2001,YR2001,Japan,JPN,..
2001,YR2001,"Korea, Rep.",KOR,..
2001,YR2001,Mexico,MEX,..
2001,YR2001,Netherlands,NLD,..
2001,YR2001,Nigeria,NGA,..
2001,YR2001,Norway,NOR,..
2001,YR2001,Poland,POL,..
2001,YR2001,Russian Federation,RUS,..
2001,YR2001,Saudi Arabia,SAU,..
2001,YR2001,Spain,ESP,..
2001,YR2001,Sweden,SWE,..
2001,YR2001,Switzerland,CHE,..
2001,YR2001,Thailand,THA,..
2001,YR2001,Turkey,TUR,..
2001,YR2001,United Kingdom,GBR,..
2001,YR2001,United States,USA,..
2002,YR2002,Argentina,ARG,0.63
2002,YR2002,Australia,AUS,0.5
2002,YR2002,Austria,AUT,0.84
2002,YR2002,Belgium,BEL,1.04
2002,YR2002,Brazil,BRA,0.55
2002,YR2002,Canada,CAN,0.51
2002,YR2002,China,CHN,0.42
2002,YR2002,"Egypt, Arab Rep.",EGY,0.19
2002,YR2002,France,FRA,1.05
2002,YR2002,Germany,DEU,1.03
2002,YR2002,India,IND,0.66
2002,YR2002,Indonesia,IDN,0.27
2002,YR2002,"Iran, Islamic Rep.",IRN,0.07
2002,YR2002,Italy,ITA,1.05
2002,YR2002,Japan,JPN,0.91
2002,YR2002,"Korea, Rep.",KOR,1.09
2002,YR2002,Mexico,MEX,0.62
2002,YR2002,Netherlands,NLD,1.12
2002,YR2002,Nigeria,NGA,0.2
2002,YR2002,Norway,NOR,1.23
2002,YR2002,Poland,POL,0.83
2002,YR2002,Russian Federation,RUS,0.35
2002,YR2002,Saudi Arabia,SAU,0.24
2002,YR2002,Spain,ESP,0.83
2002,YR2002,Sweden,SWE,1.06
2002,YR2002,Switzerland,CHE,0.89
2002,YR2002,Thailand,THA,0.36
2002,YR2002,Turkey,TUR,1.02
2002,YR2002,United Kingdom,GBR,1.18
2002,YR2002,United States,USA,0.4
2003,YR2003,Argentina,ARG,..
2003,YR2003,Australia,AUS,..
2003,YR2003,Austria,AUT,..
2003,YR2003,Belgium,BEL,..
2003,YR2003,Brazil,BRA,..
2003,YR2003,Canada,CAN,..
2003,YR2003,China,CHN,..
2003,YR2003,"Egypt, Arab Rep.",EGY,..
2003,YR2003,France,FRA,..
2003,YR2003,Germany,DEU,..
2003,YR2003,India,IND,..
2003,YR2003,Indonesia,IDN,..
2003,YR2003,"Iran, Islamic Rep.",IRN,..
2003,YR2003,Italy,ITA,..
2003,YR2003,Japan,JPN,..
2003,YR2003,"Korea, Rep.",KOR,..
2003,YR2003,Mexico,MEX,..
2003,YR2003,Netherlands,NLD,..
2003,YR2003,Nigeria,NGA,..
2003,YR2003,Norway,NOR,..
2003,YR2003,Poland,POL,..
2003,YR2003,Russian Federation,RUS,..
2003,YR2003,Saudi Arabia,SAU,..
2003,YR2003,Spain,ESP,..
2003,YR2003,Sweden,SWE,..
2003,YR2003,Switzerland,CHE,..
2003,YR2003,Thailand,THA,..
2003,YR2003,Turkey,TUR,..
2003,YR2003,United Kingdom,GBR,..
2003,YR2003,United States,USA,..
2004,YR2004,Argentina,ARG,0.63
2004,YR2004,Australia,AUS,0.85
2004,YR2004,Austria,AUT,1.32
2004,YR2004,Belgium,BEL,1.5
2004,YR2004,Brazil,BRA,0.84
2004,YR2004,Canada,CAN,0.68
2004,YR2004,China,CHN,0.48
2004,YR2004,"Egypt, Arab Rep.",EGY,0.28
2004,YR2004,France,FRA,1.42
2004,YR2004,Germany,DEU,1.46
2004,YR2004,India,IND,0.87
2004,YR2004,Indonesia,IDN,0.27
2004,YR2004,"Iran, Islamic Rep.",IRN,0.09
2004,YR2004,Italy,ITA,1.53
2004,YR2004,Japan,JPN,1.26
2004,YR2004,"Korea, Rep.",KOR,1.35
2004,YR2004,Mexico,MEX,0.59
2004,YR2004,Netherlands,NLD,1.62
2004,YR2004,Nigeria,NGA,0.39
2004,YR2004,Norway,NOR,1.61
2004,YR2004,Poland,POL,1.2
2004,YR2004,Russian Federation,RUS,0.55
2004,YR2004,Saudi Arabia,SAU,0.24
2004,YR2004,Spain,ESP,1.21
2004,YR2004,Sweden,SWE,1.51
2004,YR2004,Switzerland,CHE,1.29
2004,YR2004,Thailand,THA,0.54
2004,YR2004,Turkey,TUR,1.44
2004,YR2004,United Kingdom,GBR,1.56
2004,YR2004,United States,USA,0.54
2005,YR2005,Argentina,ARG,..
2005,YR2005,Australia,AUS,..
2005,YR2005,Austria,AUT,..
2005,YR2005,Belgium,BEL,..
2005,YR2005,Brazil,BRA,..
2005,YR2005,Canada,CAN,..
2005,YR2005,China,CHN,..
2005,YR2005,"Egypt, Arab Rep.",EGY,..
2005,YR2005,France,FRA,..
2005,YR2005,Germany,DEU,..
2005,YR2005,India,IND,..
2005,YR2005,Indonesia,IDN,..
2005,YR2005,"Iran, Islamic Rep.",IRN,..
2005,YR2005,Italy,ITA,..
2005,YR2005,Japan,JPN,..
2005,YR2005,"Korea, Rep.",KOR,..
2005,YR2005,Mexico,MEX,..
2005,YR2005,Netherlands,NLD,..
2005,YR2005,Nigeria,NGA,..
2005,YR2005,Norway,NOR,..
2005,YR2005,Poland,POL,..
2005,YR2005,Russian Federation,RUS,..
2005,YR2005,Saudi Arabia,SAU,..
2005,YR2005,Spain,ESP,..
2005,YR2005,Sweden,SWE,..
2005,YR2005,Switzerland,CHE,..
2005,YR2005,Thailand,THA,..
2005,YR2005,Turkey,TUR,..
2005,YR2005,United Kingdom,GBR,..
2005,YR2005,United States,USA,..
2006,YR2006,Argentina,ARG,0.62
2006,YR2006,Australia,AUS,0.93
2006,YR2006,Austria,AUT,1.32
2006,YR2006,Belgium,BEL,1.63
2006,YR2006,Brazil,BRA,1.26
2006,YR2006,Canada,CAN,0.84
2006,YR2006,China,CHN,0.69
2006,YR2006,"Egypt, Arab Rep.",EGY,0.3
2006,YR2006,France,FRA,1.48
2006,YR2006,Germany,DEU,1.55
2006,YR2006,India,IND,1.01
2006,YR2006,Indonesia,IDN,0.57
2006,YR2006,"Iran, Islamic Rep.",IRN,0.09
2006,YR2006,Italy,ITA,1.56
2006,YR2006,Japan,JPN,1.09
2006,YR2006,"Korea, Rep.",KOR,1.65
2006,YR2006,Mexico,MEX,0.74
2006,YR2006,Netherlands,NLD,1.7
2006,YR2006,Nigeria,NGA,0.51
2006,YR2006,Norway,NOR,1.8
2006,YR2006,Poland,POL,1.3
2006,YR2006,Russian Federation,RUS,0.77
2006,YR2006,Saudi Arabia,SAU,0.16
2006,YR2006,Spain,ESP,1.15
2006,YR2006,Sweden,SWE,1.46
2006,YR2006,Switzerland,CHE,1.27
2006,YR2006,Thailand,THA,0.7
2006,YR2006,Turkey,TUR,1.88
2006,YR2006,United Kingdom,GBR,1.63
2006,YR2006,United States,USA,0.63
2007,YR2007,Argentina,ARG,..
2007,YR2007,Australia,AUS,..
2007,YR2007,Austria,AUT,..
2007,YR2007,Belgium,BEL,..
2007,YR2007,Brazil,BRA,..
2007,YR2007,Canada,CAN,..
2007,YR2007,China,CHN,..
2007,YR2007,"Egypt, Arab Rep.",EGY,..
2007,YR2007,France,FRA,..
2007,YR2007,Germany,DEU,..
2007,YR2007,India,IND,..
2007,YR2007,Indonesia,IDN,..
2007,YR2007,"Iran, Islamic Rep.",IRN,..
2007,YR2007,Italy,ITA,..
2007,YR2007,Japan,JPN,..
2007,YR2007,"Korea, Rep.",KOR,..
2007,YR2007,Mexico,MEX,..
2007,YR2007,Netherlands,NLD,..
2007,YR2007,Nigeria,NGA,..
2007,YR2007,Norway,NOR,..
2007,YR2007,Poland,POL,..
2007,YR2007,Russian Federation,RUS,..
2007,YR2007,Saudi Arabia,SAU,..
2007,YR2007,Spain,ESP,..
2007,YR2007,Sweden,SWE,..
2007,YR2007,Switzerland,CHE,..
2007,YR2007,Thailand,THA,..
2007,YR2007,Turkey,TUR,..
2007,YR2007,United Kingdom,GBR,..
2007,YR2007,United States,USA,..
2008,YR2008,Argentina,ARG,0.78
2008,YR2008,Australia,AUS,0.74
2008,YR2008,Austria,AUT,1.37
2008,YR2008,Belgium,BEL,1.5
2008,YR2008,Brazil,BRA,1.26
2008,YR2008,Canada,CAN,0.76
2008,YR2008,China,CHN,0.99
2008,YR2008,"Egypt, Arab Rep.",EGY,0.49
2008,YR2008,France,FRA,1.52
2008,YR2008,Germany,DEU,1.56
2008,YR2008,India,IND,1.09
2008,YR2008,Indonesia,IDN,0.5
2008,YR2008,"Iran, Islamic Rep.",IRN,0.1
2008,YR2008,Italy,ITA,1.57
2008,YR2008,Japan,JPN,1.42
2008,YR2008,"Korea, Rep.",KOR,1.51
2008,YR2008,Mexico,MEX,0.74
2008,YR2008,Netherlands,NLD,1.68
2008,YR2008,Nigeria,NGA,0.59
2008,YR2008,Norway,NOR,1.63
2008,YR2008,Poland,POL,1.43
2008,YR2008,Russian Federation,RUS,0.89
2008,YR2008,Saudi Arabia,SAU,0.16
2008,YR2008,Spain,ESP,1.23
2008,YR2008,Sweden,SWE,1.38
2008,YR2008,Switzerland,CHE,1.3
2008,YR2008,Thailand,THA,0.87
2008,YR2008,Turkey,TUR,1.87
2008,YR2008,United Kingdom,GBR,1.44
2008,YR2008,United States,USA,0.56
2009,YR2009,Argentina,ARG,..
2009,YR2009,Australia,AUS,..
2009,YR2009,Austria,AUT,..
2009,YR2009,Belgium,BEL,..
2009,YR2009,Brazil,BRA,..
2009,YR2009,Canada,CAN,..
2009,YR2009,China,CHN,..
2009,YR2009,"Egypt, Arab Rep.",EGY,..
2009,YR2009,France,FRA,..
2009,YR2009,Germany,DEU,..
2009,YR2009,India,IND,..
2009,YR2009,Indonesia,IDN,..
2009,YR2009,"Iran, Islamic Rep.",IRN,..
2009,YR2009,Italy,ITA,..
2009,YR2009,Japan,JPN,..
2009,YR2009,"Korea, Rep.",KOR,..
2009,YR2009,Mexico,MEX,..
2009,YR2009,Netherlands,NLD,..
2009,YR2009,Nigeria,NGA,..
2009,YR2009,Norway,NOR,..
2009,YR2009,Poland,POL,..
2009,YR2009,Russian Federation,RUS,..
2009,YR2009,Saudi Arabia,SAU,..
2009,YR2009,Spain,ESP,..
2009,YR2009,Sweden,SWE,..
2009,YR2009,Switzerland,CHE,..
2009,YR2009,Thailand,THA,..
2009,YR2009,Turkey,TUR,..
2009,YR2009,United Kingdom,GBR,..
2009,YR2009,United States,USA,..
2010,YR2010,Argentina,ARG,0.96
2010,YR2010,Australia,AUS,1.27
2010,YR2010,Austria,AUT,1.63
2010,YR2010,Belgium,BEL,1.87
2010,YR2010,Brazil,BRA,1.58
2010,YR2010,Canada,CAN,1.21
2010,YR2010,China,CHN,1.11
2010,YR2010,"Egypt, Arab Rep.",EGY,0.48
2010,YR2010,France,FRA,1.98
2010,YR2010,Germany,DEU,1.9
2010,YR2010,India,IND,1.15
2010,YR2010,Indonesia,IDN,0.79
2010,YR2010,"Iran, Islamic Rep.",IRN,0.097
2010,YR2010,Italy,ITA,1.87
2010,YR2010,Japan,JPN,1.6
2010,YR2010,"Korea, Rep.",KOR,1.52
2010,YR2010,Mexico,MEX,0.81
2010,YR2010,Netherlands,NLD,2.13
2010,YR2010,Nigeria,NGA,0.44
2010,YR2010,Norway,NOR,2.12
2010,YR2010,Poland,POL,1.57
2010,YR2010,Russian Federation,RUS,0.84
2010,YR2010,Saudi Arabia,SAU,0.16
2010,YR2010,Spain,ESP,1.56
2010,YR2010,Sweden,SWE,1.87
2010,YR2010,Switzerland,CHE,1.66
2010,YR2010,Thailand,THA,1.41
2010,YR2010,Turkey,TUR,2.52
2010,YR2010,United Kingdom,GBR,1.92
2010,YR2010,United States,USA,0.76
2011,YR2011,Argentina,ARG,..
2011,YR2011,Australia,AUS,..
2011,YR2011,Austria,AUT,..
2011,YR2011,Belgium,BEL,..
2011,YR2011,Brazil,BRA,..
2011,YR2011,Canada,CAN,..
2011,YR2011,China,CHN,..
2011,YR2011,"Egypt, Arab Rep.",EGY,..
2011,YR2011,France,FRA,..
2011,YR2011,Germany,DEU,..
2011,YR2011,India,IND,..
2011,YR2011,Indonesia,IDN,..
2011,YR2011,"Iran, Islamic Rep.",IRN,..
2011,YR2011,Italy,ITA,..
2011,YR2011,Japan,JPN,..
2011,YR2011,"Korea, Rep.",KOR,..
2011,YR2011,Mexico,MEX,..
2011,YR2011,Netherlands,NLD,..
2011,YR2011,Nigeria,NGA,..
2011,YR2011,Norway,NOR,..
2011,YR2011,Poland,POL,..
2011,YR2011,Russian Federation,RUS,..
2011,YR2011,Saudi Arabia,SAU,..
2011,YR2011,Spain,ESP,..
2011,YR2011,Sweden,SWE,..
2011,YR2011,Switzerland,CHE,..
2011,YR2011,Thailand,THA,..
2011,YR2011,Turkey,TUR,..
2011,YR2011,United Kingdom,GBR,..
2011,YR2011,United States,USA,..
2012,YR2012,Argentina,ARG,1.46
2012,YR2012,Australia,AUS,1.39
2012,YR2012,Austria,AUT,1.81
2012,YR2012,Belgium,BEL,2.09
2012,YR2012,Brazil,BRA,1.39
2012,YR2012,Canada,CAN,1.32
2012,YR2012,China,CHN,1.37
2012,YR2012,"Egypt, Arab Rep.",EGY,0.45
2012,YR2012,France,FRA,1.91
2012,YR2012,Germany,DEU,1.96
2012,YR2012,India,IND,1.25
2012,YR2012,Indonesia,IDN,0.47
2012,YR2012,"Iran, Islamic Rep.",IRN,0.33
2012,YR2012,Italy,ITA,2.28
2012,YR2012,Japan,JPN,2
2012,YR2012,"Korea, Rep.",KOR,1.8
2012,YR2012,Mexico,MEX,0.86
2012,YR2012,Netherlands,NLD,2.33
2012,YR2012,Nigeria,NGA,0.62
2012,YR2012,Norway,NOR,2.53
2012,YR2012,Poland,POL,1.74
2012,YR2012,Russian Federation,RUS,0.99
2012,YR2012,Saudi Arabia,SAU,0.16
2012,YR2012,Spain,ESP,1.75
2012,YR2012,Sweden,SWE,2.1
2012,YR2012,Switzerland,CHE,1.88
2012,YR2012,Thailand,THA,1.56
2012,YR2012,Turkey,TUR,2.54
2012,YR2012,United Kingdom,GBR,2.17
2012,YR2012,United States,USA,0.97
2013,YR2013,Argentina,ARG,..
2013,YR2013,Australia,AUS,..
2013,YR2013,Austria,AUT,..
2013,YR2013,Belgium,BEL,..
2013,YR2013,Brazil,BRA,..
2013,YR2013,Canada,CAN,..
2013,YR2013,China,CHN,..
2013,YR2013,"Egypt, Arab Rep.",EGY,..
2013,YR2013,France,FRA,..
2013,YR2013,Germany,DEU,..
2013,YR2013,India,IND,..
2013,YR2013,Indonesia,IDN,..
2013,YR2013,"Iran, Islamic Rep.",IRN,..
2013,YR2013,Italy,ITA,..
2013,YR2013,Japan,JPN,..
2013,YR2013,"Korea, Rep.",KOR,..
2013,YR2013,Mexico,MEX,..
2013,YR2013,Netherlands,NLD,..
2013,YR2013,Nigeria,NGA,..
2013,YR2013,Norway,NOR,..
2013,YR2013,Poland,POL,..
2013,YR2013,Russian Federation,RUS,..
2013,YR2013,Saudi Arabia,SAU,..
2013,YR2013,Spain,ESP,..
2013,YR2013,Sweden,SWE,..
2013,YR2013,Switzerland,CHE,..
2013,YR2013,Thailand,THA,..
2013,YR2013,Turkey,TUR,..
2013,YR2013,United Kingdom,GBR,..
2013,YR2013,United States,USA,..
2014,YR2014,Argentina,ARG,1.52
2014,YR2014,Australia,AUS,1.23
2014,YR2014,Austria,AUT,1.6
2014,YR2014,Belgium,BEL,1.9
2014,YR2014,Brazil,BRA,1.27
2014,YR2014,Canada,CAN,1.17
2014,YR2014,China,CHN,1.17
2014,YR2014,"Egypt, Arab Rep.",EGY,0.88
2014,YR2014,France,FRA,1.79
2014,YR2014,Germany,DEU,1.8
2014,YR2014,India,IND,1.1
2014,YR2014,Indonesia,IDN,0.93
2014,YR2014,"Iran, Islamic Rep.",IRN,0.374
2014,YR2014,Italy,ITA,2.14
2014,YR2014,Japan,JPN,1.38
2014,YR2014,"Korea, Rep.",KOR,1.55
2014,YR2014,Mexico,MEX,1.03
2014,YR2014,Netherlands,NLD,2.15
2014,YR2014,Nigeria,NGA,0.56
2014,YR2014,Norway,NOR,2.27
2014,YR2014,Poland,POL,1.42
2014,YR2014,Russian Federation,RUS,0.81
2014,YR2014,Saudi Arabia,SAU,0.16
2014,YR2014,Spain,ESP,1.63
2014,YR2014,Sweden,SWE,1.82
2014,YR2014,Switzerland,CHE,1.74
2014,YR2014,Thailand,THA,1.29
2014,YR2014,Turkey,TUR,2.06
2014,YR2014,United Kingdom,GBR,1.92
2014,YR2014,United States,USA,0.76
2015,YR2015,Argentina,ARG,..
2015,YR2015,Australia,AUS,..
2015,YR2015,Austria,AUT,..
2015,YR2015,Belgium,BEL,..
2015,YR2015,Brazil,BRA,..
2015,YR2015,Canada,CAN,..
2015,YR2015,China,CHN,..
2015,YR2015,"Egypt, Arab Rep.",EGY,..
2015,YR2015,France,FRA,..
2015,YR2015,Germany,DEU,..
2015,YR2015,India,IND,..
2015,YR2015,Indonesia,IDN,..
2015,YR2015,"Iran, Islamic Rep.",IRN,..
2015,YR2015,Italy,ITA,..
2015,YR2015,Japan,JPN,..
2015,YR2015,"Korea, Rep.",KOR,..
2015,YR2015,Mexico,MEX,..
2015,YR2015,Netherlands,NLD,..
2015,YR2015,Nigeria,NGA,..
2015,YR2015,Norway,NOR,..
2015,YR2015,Poland,POL,..
2015,YR2015,Russian Federation,RUS,..
2015,YR2015,Saudi Arabia,SAU,..
2015,YR2015,Spain,ESP,..
2015,YR2015,Sweden,SWE,..
2015,YR2015,Switzerland,CHE,..
2015,YR2015,Thailand,THA,..
2015,YR2015,Turkey,TUR,..
2015,YR2015,United Kingdom,GBR,..
2015,YR2015,United States,USA,..
2016,YR2016,Argentina,ARG,1.1
2016,YR2016,Australia,AUS,0.93
2016,YR2016,Austria,AUT,1.2
2016,YR2016,Belgium,BEL,1.43
2016,YR2016,Brazil,BRA,1.02
2016,YR2016,Canada,CAN,0.81
2016,YR2016,China,CHN,0.96
2016,YR2016,"Egypt, Arab Rep.",EGY,0.4
2016,YR2016,France,FRA,1.39
2016,YR2016,Germany,DEU,1.39
2016,YR2016,India,IND,0.97
2016,YR2016,Indonesia,IDN,0.63
2016,YR2016,"Iran, Islamic Rep.",IRN,0.399
2016,YR2016,Italy,ITA,1.61
2016,YR2016,Japan,JPN,1.06
2016,YR2016,"Korea, Rep.",KOR,1.22
2016,YR2016,Mexico,MEX,0.73
2016,YR2016,Netherlands,NLD,1.68
2016,YR2016,Nigeria,NGA,0.46
2016,YR2016,Norway,NOR,1.78
2016,YR2016,Poland,POL,1.07
2016,YR2016,Russian Federation,RUS,0.59
2016,YR2016,Saudi Arabia,SAU,0.24
2016,YR2016,Spain,ESP,1.26
2016,YR2016,Sweden,SWE,1.42
2016,YR2016,Switzerland,CHE,1.45
2016,YR2016,Thailand,THA,0.71
2016,YR2016,Turkey,TUR,1.42
2016,YR2016,United Kingdom,GBR,1.46
2016,YR2016,United States,USA,0.71
2017,YR2017,Argentina,ARG,..
2017,YR2017,Australia,AUS,..
2017,YR2017,Austria,AUT,..
2017,YR2017,Belgium,BEL,..
2017,YR2017,Brazil,BRA,..
2017,YR2017,Canada,CAN,..
2017,YR2017,China,CHN,..
2017,YR2017,"Egypt, Arab Rep.",EGY,..
2017,YR2017,France,FRA,..
2017,YR2017,Germany,DEU,..
2017,YR2017,India,IND,..
2017,YR2017,Indonesia,IDN,..
2017,YR2017,"Iran, Islamic Rep.",IRN,..
2017,YR2017,Italy,ITA,..
2017,YR2017,Japan,JPN,..
2017,YR2017,"Korea, Rep.",KOR,..
2017,YR2017,Mexico,MEX,..
2017,YR2017,Netherlands,NLD,..
2017,YR2017,Nigeria,NGA,..
2017,YR2017,Norway,NOR,..
2017,YR2017,Poland,POL,..
2017,YR2017,Russian Federation,RUS,..
2017,YR2017,Saudi Arabia,SAU,..
2017,YR2017,Spain,ESP,..
2017,YR2017,Sweden,SWE,..
2017,YR2017,Switzerland,CHE,..
2017,YR2017,Thailand,THA,..
2017,YR2017,Turkey,TUR,..
2017,YR2017,United Kingdom,GBR,..
2017,YR2017,United States,USA,..
,,,,
,,,,
,,,,
Data from database: World Development Indicators,,,,
Last Updated: 03/01/2018,,,,
